{
    "resources": [
        {
            "name": "localService/metadata.xml"
        },
        {
            "name": "Component.js"
        },
        {
            "name": "resources.json",
            "merged": true
        },
        {
            "name": "css/style.css"
        },
        {
            "name": "controller/main.controller.js"
        },
        {
            "name": "controller/advance.controller.js"
        },
        {
            "name": "controller/app.controller.js"
        },
        {
            "name": "controller/BaseController.js"
        },
        {
            "name": "Component-preload.js",
            "merged": true
        },
        {
            "name": ".project.json"
        },
        {
            "name": ".user.project.json"
        },
        {
            "name": "neo-app.json"
        },
        {
            "name": "model/models.js"
        },
        {
            "name": "index.html"
        },
        {
            "name": "manifest.json"
        },
        {
            "name": "i18n/i18n.properties",
            "raw": "i18n/i18n.properties"
        },
        {
            "name": "view/main.view.xml"
        },
        {
            "name": "view/app.view.xml"
        },
        {
            "name": "view/advance.view.xml"
        }
    ]
}