<edmx:Edmx
    xmlns:edmx="http://schemas.microsoft.com/ado/2007/06/edmx"
    xmlns:m="http://schemas.microsoft.com/ado/2007/08/dataservices/metadata"
    xmlns:sap="http://www.sap.com/Protocols/SAPData" Version="1.0">
    <edmx:DataServices m:DataServiceVersion="2.0">
        <Schema
            xmlns="http://schemas.microsoft.com/ado/2008/09/edm" Namespace="ZFR_APP_SRV" xml:lang="tr" sap:schema-version="1">
            <Annotation
                xmlns="http://docs.oasis-open.org/odata/ns/edm" Term="Core.SchemaVersion" String="1.0.0"/>
                <EntityType Name="Expense" sap:content-version="1">
                    <Key>
                        <PropertyRef Name="SurecId"/>
                    </Key>
                    <Property Name="SurecId" Type="Edm.String" Nullable="false" MaxLength="10" sap:unicode="false" sap:label="Süreç ID" sap:creatable="false" sap:updatable="false" sap:sortable="false" sap:filterable="false"/>
                    <Property Name="Bukrs" Type="Edm.String" Nullable="false" MaxLength="4" sap:unicode="false" sap:label="Şirket kodu" sap:creatable="false" sap:updatable="false" sap:sortable="false" sap:filterable="false"/>
                    <Property Name="Gjahr" Type="Edm.String" Nullable="false" MaxLength="4" sap:unicode="false" sap:label="Mali yıl" sap:creatable="false" sap:updatable="false" sap:sortable="false" sap:filterable="false"/>
                    <Property Name="Bldat" Type="Edm.DateTime" Precision="7" sap:unicode="false" sap:label="Belge tarihi" sap:creatable="false" sap:updatable="false" sap:sortable="false" sap:filterable="false"/>
                    <Property Name="Pernr" Type="Edm.String" Nullable="false" MaxLength="8" sap:unicode="false" sap:label="Personel no." sap:creatable="false" sap:updatable="false" sap:sortable="false" sap:filterable="false"/>
                    <Property Name="PernrIcon" Type="Edm.String" Nullable="false" MaxLength="4" sap:unicode="false" sap:label="Metin alanları içersindeki ikonlar ( Yedek görüntü, kod)" sap:creatable="false" sap:updatable="false" sap:sortable="false" sap:filterable="false"/>
                    <Property Name="OdemeTur" Type="Edm.String" Nullable="false" MaxLength="2" sap:unicode="false" sap:label="Ödeme Türü" sap:creatable="false" sap:updatable="false" sap:sortable="false" sap:filterable="false"/>
                    <Property Name="OdemeTurIcon" Type="Edm.String" Nullable="false" MaxLength="4" sap:unicode="false" sap:label="Metin alanları içersindeki ikonlar ( Yedek görüntü, kod)" sap:creatable="false" sap:updatable="false" sap:sortable="false" sap:filterable="false"/>
                    <Property Name="CreditCardId" Type="Edm.String" Nullable="false" MaxLength="12" sap:unicode="false" sap:label="Kredi Kartı Numarası" sap:creatable="false" sap:updatable="false" sap:sortable="false" sap:filterable="false"/>
                    <Property Name="CreditCardName" Type="Edm.String" Nullable="false" MaxLength="20" sap:unicode="false" sap:label="Kredi Kartı Adı" sap:creatable="false" sap:updatable="false" sap:sortable="false" sap:filterable="false"/>
                    <Property Name="ToplamTutar" Type="Edm.Decimal" Nullable="false" Precision="24" Scale="3" sap:unicode="false" sap:unit="Waers" sap:label="Tutar" sap:creatable="false" sap:updatable="false" sap:sortable="false" sap:filterable="false"/>
                    <Property Name="Waers" Type="Edm.String" Nullable="false" MaxLength="5" sap:unicode="false" sap:label="Para birimi" sap:creatable="false" sap:updatable="false" sap:sortable="false" sap:filterable="false" sap:semantics="currency-code"/>
                    <Property Name="BaslikMetni" Type="Edm.String" Nullable="false" MaxLength="25" sap:unicode="false" sap:label="Blg.bşlk.metni" sap:creatable="false" sap:updatable="false" sap:sortable="false" sap:filterable="false"/>
                    <Property Name="Pspnr" Type="Edm.String" Nullable="false" MaxLength="50" sap:unicode="false" sap:label="PYP öğesi" sap:creatable="false" sap:updatable="false" sap:sortable="false" sap:filterable="false"/>
                    <Property Name="PerAdi" Type="Edm.String" Nullable="false" MaxLength="50" sap:unicode="false" sap:label="Personel Adı" sap:creatable="false" sap:updatable="false" sap:sortable="false" sap:filterable="false"/>
                    <Property Name="PerSirket" Type="Edm.String" Nullable="false" MaxLength="50" sap:unicode="false" sap:label="Personel Şirketi" sap:creatable="false" sap:updatable="false" sap:sortable="false" sap:filterable="false"/>
                    <Property Name="PerDepartman" Type="Edm.String" Nullable="false" MaxLength="50" sap:unicode="false" sap:label="Personel Departman" sap:creatable="false" sap:updatable="false" sap:sortable="false" sap:filterable="false"/>
                    <Property Name="PerPozisyon" Type="Edm.String" Nullable="false" MaxLength="50" sap:unicode="false" sap:label="Personel Pozisyon" sap:creatable="false" sap:updatable="false" sap:sortable="false" sap:filterable="false"/>
                    <Property Name="Kostl" Type="Edm.String" Nullable="false" MaxLength="10" sap:unicode="false" sap:label="Masraf yeri" sap:creatable="false" sap:updatable="false" sap:sortable="false" sap:filterable="false"/>
                    <Property Name="KostlDesc" Type="Edm.String" Nullable="false" MaxLength="20" sap:unicode="false" sap:label="Tanım" sap:creatable="false" sap:updatable="false" sap:sortable="false" sap:filterable="false"/>
                    <Property Name="KullanilacakAvans" Type="Edm.Decimal" Nullable="false" Precision="12" Scale="3" sap:unicode="false" sap:unit="Waers" sap:label="Kullanılacak Avans" sap:creatable="false" sap:updatable="false" sap:sortable="false" sap:filterable="false"/>
                    <Property Name="AvansBakiye" Type="Edm.Decimal" Nullable="false" Precision="12" Scale="3" sap:unicode="false" sap:unit="Waers" sap:label="Avans Bakiye" sap:creatable="false" sap:updatable="false" sap:sortable="false" sap:filterable="false"/>
                    <Property Name="AvansPb" Type="Edm.String" Nullable="false" MaxLength="5" sap:unicode="false" sap:label="Para birimi" sap:creatable="false" sap:updatable="false" sap:sortable="false" sap:filterable="false" sap:semantics="currency-code"/>
                    <Property Name="OnayBekleyenAvans" Type="Edm.Decimal" Nullable="false" Precision="12" Scale="3" sap:unicode="false" sap:unit="Waers" sap:label="Onaydaki avans bak." sap:creatable="false" sap:updatable="false" sap:sortable="false" sap:filterable="false"/>
                    <Property Name="FarkliKisi" Type="Edm.Boolean" Nullable="false" sap:unicode="false" sap:label="Farklı Kişi Adına" sap:creatable="false" sap:updatable="false" sap:sortable="false" sap:filterable="false"/>
                    <Property Name="Approver01" Type="Edm.String" Nullable="false" MaxLength="8" sap:unicode="false" sap:label="Personel no." sap:creatable="false" sap:updatable="false" sap:sortable="false" sap:filterable="false"/>
                    <Property Name="Approver01Desc" Type="Edm.String" Nullable="false" MaxLength="40" sap:unicode="false" sap:label="Çlşn/bşv.adı" sap:creatable="false" sap:updatable="false" sap:sortable="false" sap:filterable="false"/>
                    <Property Name="Approver01Icon" Type="Edm.String" Nullable="false" MaxLength="4" sap:unicode="false" sap:label="Metin alanları içersindeki ikonlar ( Yedek görüntü, kod)" sap:creatable="false" sap:updatable="false" sap:sortable="false" sap:filterable="false"/>
                    <Property Name="Approver02" Type="Edm.String" Nullable="false" MaxLength="8" sap:unicode="false" sap:label="Personel no." sap:creatable="false" sap:updatable="false" sap:sortable="false" sap:filterable="false"/>
                    <Property Name="Approver02Desc" Type="Edm.String" Nullable="false" MaxLength="40" sap:unicode="false" sap:label="Çlşn/bşv.adı" sap:creatable="false" sap:updatable="false" sap:sortable="false" sap:filterable="false"/>
                    <Property Name="Approver02Icon" Type="Edm.String" Nullable="false" MaxLength="4" sap:unicode="false" sap:label="Metin alanları içersindeki ikonlar ( Yedek görüntü, kod)" sap:creatable="false" sap:updatable="false" sap:sortable="false" sap:filterable="false"/>
                    <Property Name="Approver03" Type="Edm.String" Nullable="false" MaxLength="8" sap:unicode="false" sap:label="Personel no." sap:creatable="false" sap:updatable="false" sap:sortable="false" sap:filterable="false"/>
                    <Property Name="Approver03Desc" Type="Edm.String" Nullable="false" MaxLength="40" sap:unicode="false" sap:label="Çlşn/bşv.adı" sap:creatable="false" sap:updatable="false" sap:sortable="false" sap:filterable="false"/>
                    <Property Name="Approver03Icon" Type="Edm.String" Nullable="false" MaxLength="4" sap:unicode="false" sap:label="Metin alanları içersindeki ikonlar ( Yedek görüntü, kod)" sap:creatable="false" sap:updatable="false" sap:sortable="false" sap:filterable="false"/>
                    <Property Name="Approver04" Type="Edm.String" Nullable="false" MaxLength="8" sap:unicode="false" sap:label="Personel no." sap:creatable="false" sap:updatable="false" sap:sortable="false" sap:filterable="false"/>
                    <Property Name="Approver04Desc" Type="Edm.String" Nullable="false" MaxLength="40" sap:unicode="false" sap:label="Çlşn/bşv.adı" sap:creatable="false" sap:updatable="false" sap:sortable="false" sap:filterable="false"/>
                    <Property Name="Approver04Icon" Type="Edm.String" Nullable="false" MaxLength="4" sap:unicode="false" sap:label="Metin alanları içersindeki ikonlar ( Yedek görüntü, kod)" sap:creatable="false" sap:updatable="false" sap:sortable="false" sap:filterable="false"/>
                    <Property Name="Statu" Type="Edm.String" Nullable="false" MaxLength="10" sap:unicode="false" sap:label="Statü" sap:creatable="false" sap:updatable="false" sap:sortable="false" sap:filterable="false"/>
                    <Property Name="SurecDurumu" Type="Edm.String" Nullable="false" MaxLength="20" sap:unicode="false" sap:label="Süreç durumu" sap:creatable="false" sap:updatable="false" sap:sortable="false" sap:filterable="false"/>
                    <Property Name="SurecIcon" Type="Edm.String" Nullable="false" MaxLength="4" sap:unicode="false" sap:label="Metin alanları içersindeki ikonlar ( Yedek görüntü, kod)" sap:creatable="false" sap:updatable="false" sap:sortable="false" sap:filterable="false"/>
                    <Property Name="Xdele" Type="Edm.Boolean" Nullable="false" sap:unicode="false" sap:label="Silindi" sap:creatable="false" sap:updatable="false" sap:sortable="false" sap:filterable="false"/>
                    <Property Name="Uname" Type="Edm.String" Nullable="false" MaxLength="12" sap:unicode="false" sap:label="Kullanıcı adı" sap:creatable="false" sap:updatable="false" sap:sortable="false" sap:filterable="false"/>
                    <Property Name="Datum" Type="Edm.DateTime" Precision="7" sap:unicode="false" sap:label="Tarih" sap:creatable="false" sap:updatable="false" sap:sortable="false" sap:filterable="false"/>
                    <Property Name="Pspnrd" Type="Edm.String" Nullable="false" MaxLength="50" sap:unicode="false" sap:label="c" sap:creatable="false" sap:updatable="false" sap:sortable="false" sap:filterable="false"/>
                    <NavigationProperty Name="Item" Relationship="ZFR_APP_SRV.aExpenseLine" FromRole="FromRole_aExpenseLine" ToRole="ToRole_aExpenseLine"/>
                </EntityType>
                <EntityType Name="UserInfo" sap:content-version="1">
                    <Key>
                        <PropertyRef Name="Pernr"/>
                        <PropertyRef Name="Waers"/>
                    </Key>
                    <Property Name="Pernr" Type="Edm.String" Nullable="false" sap:unicode="false" sap:creatable="false" sap:updatable="false" sap:sortable="false" sap:filterable="false"/>
                    <Property Name="Bukrs" Type="Edm.String" Nullable="false" sap:unicode="false" sap:creatable="false" sap:updatable="false" sap:sortable="false" sap:filterable="false"/>
                    <Property Name="Waers" Type="Edm.String" Nullable="false" sap:unicode="false" sap:creatable="false" sap:updatable="false" sap:sortable="false" sap:filterable="false"/>
                    <Property Name="Ename" Type="Edm.String" Nullable="false" sap:unicode="false" sap:creatable="false" sap:updatable="false" sap:sortable="false" sap:filterable="false"/>
                    <Property Name="Uname" Type="Edm.String" Nullable="false" sap:unicode="false" sap:creatable="false" sap:updatable="false" sap:sortable="false" sap:filterable="false"/>
                    <Property Name="AvansBakiye" Type="Edm.Decimal" Nullable="false" Precision="31" Scale="0" sap:unicode="false" sap:creatable="false" sap:updatable="false" sap:sortable="false" sap:filterable="false"/>
                    <Property Name="OnayBekleyen" Type="Edm.Decimal" Nullable="false" Precision="31" Scale="0" sap:unicode="false" sap:creatable="false" sap:updatable="false" sap:sortable="false" sap:filterable="false"/>
                    <Property Name="Butxt" Type="Edm.String" Nullable="false" sap:unicode="false" sap:creatable="false" sap:updatable="false" sap:sortable="false" sap:filterable="false"/>
                    <Property Name="Orgeh" Type="Edm.String" Nullable="false" sap:unicode="false" sap:creatable="false" sap:updatable="false" sap:sortable="false" sap:filterable="false"/>
                    <Property Name="OrgehTxt" Type="Edm.String" Nullable="false" sap:unicode="false" sap:creatable="false" sap:updatable="false" sap:sortable="false" sap:filterable="false"/>
                    <Property Name="Plans" Type="Edm.String" Nullable="false" sap:unicode="false" sap:creatable="false" sap:updatable="false" sap:sortable="false" sap:filterable="false"/>
                    <Property Name="PlansTxt" Type="Edm.String" Nullable="false" sap:unicode="false" sap:creatable="false" sap:updatable="false" sap:sortable="false" sap:filterable="false"/>
                    <Property Name="Kostl" Type="Edm.String" Nullable="false" sap:unicode="false" sap:creatable="false" sap:updatable="false" sap:sortable="false" sap:filterable="false"/>
                    <Property Name="KostlTxt" Type="Edm.String" Nullable="false" sap:unicode="false" sap:creatable="false" sap:updatable="false" sap:sortable="false" sap:filterable="false"/>
                </EntityType>
                <EntityType Name="CredidCard" sap:content-version="1">
                    <Key>
                        <PropertyRef Name="CreditCardId"/>
                    </Key>
                    <Property Name="CreditCardId" Type="Edm.String" Nullable="false" MaxLength="12" sap:unicode="false" sap:label="Kredi Kartı Numarası" sap:creatable="false" sap:updatable="false" sap:sortable="false" sap:filterable="false"/>
                    <Property Name="CreditCardName" Type="Edm.String" Nullable="false" MaxLength="20" sap:unicode="false" sap:label="Kredi Kartı Adı" sap:creatable="false" sap:updatable="false" sap:sortable="false" sap:filterable="false"/>
                    <Property Name="Description" Type="Edm.String" Nullable="false" MaxLength="50" sap:unicode="false" sap:label="Açıklama" sap:creatable="false" sap:updatable="false" sap:sortable="false" sap:filterable="false"/>
                    <Property Name="Hkont" Type="Edm.String" Nullable="false" MaxLength="10" sap:unicode="false" sap:label="Ana hesap" sap:creatable="false" sap:updatable="false" sap:sortable="false" sap:filterable="false"/>
                    <Property Name="Bukrs" Type="Edm.String" Nullable="false" sap:unicode="false" sap:creatable="false" sap:updatable="false" sap:sortable="false" sap:filterable="false"/>
                </EntityType>
                <EntityType Name="Projects" sap:content-version="1">
                    <Key>
                        <PropertyRef Name="Pspnr"/>
                    </Key>
                    <Property Name="Postu" Type="Edm.String" Nullable="false" MaxLength="40" sap:unicode="false" sap:label="Tanım" sap:creatable="false" sap:updatable="false" sap:sortable="false" sap:filterable="false"/>
                    <Property Name="Poski" Type="Edm.String" Nullable="false" MaxLength="16" sap:unicode="false" sap:label="Kısa tanıtıcı" sap:creatable="false" sap:updatable="false" sap:sortable="false" sap:filterable="false"/>
                    <Property Name="Pspnr" Type="Edm.String" Nullable="false" MaxLength="8" sap:unicode="false" sap:label="PYP dahili tn." sap:creatable="false" sap:updatable="false" sap:sortable="false" sap:filterable="false"/>
                </EntityType>
                <EntityType Name="Categories" sap:content-version="1">
                    <Key>
                        <PropertyRef Name="KategoriId"/>
                        <PropertyRef Name="TipId"/>
                    </Key>
                    <Property Name="KategoriId" Type="Edm.String" Nullable="false" MaxLength="2" sap:unicode="false" sap:label="Masraf Kategori ID" sap:creatable="false" sap:updatable="false" sap:sortable="false" sap:filterable="false"/>
                    <Property Name="KategoriTanim" Type="Edm.String" Nullable="false" MaxLength="50" sap:unicode="false" sap:label="Masraf Kategori Tanı" sap:creatable="false" sap:updatable="false" sap:sortable="false" sap:filterable="false"/>
                    <Property Name="TipId" Type="Edm.String" Nullable="false" MaxLength="2" sap:unicode="false" sap:label="Masraf Tip ID" sap:creatable="false" sap:updatable="false" sap:sortable="false" sap:filterable="false"/>
                    <Property Name="TipTanim" Type="Edm.String" Nullable="false" MaxLength="50" sap:unicode="false" sap:label="Masraf Tip Tanım" sap:creatable="false" sap:updatable="false" sap:sortable="false" sap:filterable="false"/>
                </EntityType>
                <EntityType Name="PernrSearchHelp" sap:content-version="1">
                    <Key>
                        <PropertyRef Name="Pernr"/>
                    </Key>
                    <Property Name="Pernr" Type="Edm.String" Nullable="false" sap:unicode="false" sap:creatable="false" sap:updatable="false" sap:sortable="false" sap:filterable="false"/>
                    <Property Name="Ename" Type="Edm.String" Nullable="false" sap:unicode="false" sap:creatable="false" sap:updatable="false" sap:sortable="false" sap:filterable="false"/>
                    <Property Name="Bukrs" Type="Edm.String" Nullable="false" sap:unicode="false" sap:creatable="false" sap:updatable="false" sap:sortable="false" sap:filterable="false"/>
                    <Property Name="PerDepartman" Type="Edm.String" Nullable="false" sap:unicode="false" sap:creatable="false" sap:updatable="false" sap:sortable="false" sap:filterable="false"/>
                    <Property Name="PerPozisyon" Type="Edm.String" Nullable="false" sap:unicode="false" sap:creatable="false" sap:updatable="false" sap:sortable="false" sap:filterable="false"/>
                    <Property Name="AvansBakiye" Type="Edm.Decimal" Nullable="false" Precision="12" Scale="3" sap:unicode="false" sap:creatable="false" sap:updatable="false" sap:sortable="false" sap:filterable="false"/>
                    <Property Name="OnayBekleyenAvans" Type="Edm.Decimal" Nullable="false" Precision="12" Scale="3" sap:unicode="false" sap:creatable="false" sap:updatable="false" sap:sortable="false" sap:filterable="false"/>
                    <Property Name="Waerk" Type="Edm.String" Nullable="false" sap:unicode="false" sap:creatable="false" sap:updatable="false" sap:sortable="false" sap:filterable="false"/>
                </EntityType>
                <EntityType Name="ExpenseLine2" sap:content-version="1">
                    <Key>
                        <PropertyRef Name="ItemNo"/>
                        <PropertyRef Name="KategoriId"/>
                    </Key>
                    <Property Name="ItemNo" Type="Edm.String" Nullable="false" MaxLength="2" sap:unicode="false" sap:label="Masraf Kalem No" sap:creatable="false" sap:updatable="false" sap:sortable="false" sap:filterable="false"/>
                    <Property Name="KategoriId" Type="Edm.String" Nullable="false" MaxLength="2" sap:unicode="false" sap:label="Masraf Kategori ID" sap:creatable="false" sap:updatable="false" sap:sortable="false" sap:filterable="false"/>
                    <Property Name="KategoriTanim" Type="Edm.String" Nullable="false" MaxLength="50" sap:unicode="false" sap:label="Masraf Kategori Tanı" sap:creatable="false" sap:updatable="false" sap:sortable="false" sap:filterable="false"/>
                    <Property Name="TipId" Type="Edm.String" Nullable="false" MaxLength="2" sap:unicode="false" sap:label="Masraf Tip ID" sap:creatable="false" sap:updatable="false" sap:sortable="false" sap:filterable="false"/>
                    <Property Name="TipTanim" Type="Edm.String" Nullable="false" MaxLength="50" sap:unicode="false" sap:label="Masraf Tip Tanım" sap:creatable="false" sap:updatable="false" sap:sortable="false" sap:filterable="false"/>
                    <Property Name="FaturaTarihi" Type="Edm.DateTime" Precision="7" sap:unicode="false" sap:label="Fiş/Fatura Tarihi" sap:creatable="false" sap:updatable="false" sap:sortable="false" sap:filterable="false"/>
                    <Property Name="FaturaNo" Type="Edm.String" Nullable="false" MaxLength="20" sap:unicode="false" sap:label="Fiş/Fatura No" sap:creatable="false" sap:updatable="false" sap:sortable="false" sap:filterable="false"/>
                    <Property Name="FaturaTutari" Type="Edm.Decimal" Nullable="false" Precision="12" Scale="3" sap:unicode="false" sap:unit="Waers" sap:label="Fatura Tutarı" sap:creatable="false" sap:updatable="false" sap:sortable="false" sap:filterable="false"/>
                    <Property Name="Waers" Type="Edm.String" Nullable="false" MaxLength="5" sap:unicode="false" sap:label="Para birimi" sap:creatable="false" sap:updatable="false" sap:sortable="false" sap:filterable="false" sap:semantics="currency-code"/>
                    <Property Name="Yer" Type="Edm.String" Nullable="false" MaxLength="50" sap:unicode="false" sap:label="Yer" sap:creatable="false" sap:updatable="false" sap:sortable="false" sap:filterable="false"/>
                    <Property Name="KalemMetni" Type="Edm.String" Nullable="false" MaxLength="50" sap:unicode="false" sap:label="Metin" sap:creatable="false" sap:updatable="false" sap:sortable="false" sap:filterable="false"/>
                    <Property Name="Kisi" Type="Edm.String" Nullable="false" MaxLength="4" sap:unicode="false" sap:label="Ayrt.tanımlanmamış alan, muhtemelen yama dzy.kullanılabilir" sap:creatable="false" sap:updatable="false" sap:sortable="false" sap:filterable="false"/>
                    <Property Name="SeyahatDesc" Type="Edm.Boolean" Nullable="false" sap:unicode="false" sap:label="Seyahat İlişkili" sap:creatable="false" sap:updatable="false" sap:sortable="false" sap:filterable="false"/>
                    <Property Name="SeyahatId" Type="Edm.String" Nullable="false" MaxLength="10" sap:unicode="false" sap:label="Süreç ID" sap:creatable="false" sap:updatable="false" sap:sortable="false" sap:filterable="false"/>
                    <Property Name="Mwskz" Type="Edm.String" Nullable="false" MaxLength="2" sap:unicode="false" sap:label="Vergi gös." sap:creatable="false" sap:updatable="false" sap:sortable="false" sap:filterable="false"/>
                    <Property Name="MwskzDesc" Type="Edm.String" Nullable="false" MaxLength="50" sap:unicode="false" sap:label="Metin" sap:creatable="false" sap:updatable="false" sap:sortable="false" sap:filterable="false"/>
                    <Property Name="BelgesizHarcama" Type="Edm.Boolean" Nullable="false" sap:unicode="false" sap:label="Belgesiz Harcama" sap:creatable="false" sap:updatable="false" sap:sortable="false" sap:filterable="false"/>
                    <Property Name="NoLimit" Type="Edm.Boolean" Nullable="false" sap:unicode="false" sap:label="Limit Yok" sap:creatable="false" sap:updatable="false" sap:sortable="false" sap:filterable="false"/>
                    <Property Name="Limit" Type="Edm.Decimal" Nullable="false" Precision="12" Scale="3" sap:unicode="false" sap:unit="Waers" sap:label="Limit" sap:creatable="false" sap:updatable="false" sap:sortable="false" sap:filterable="false"/>
                    <Property Name="PersonalDat" Type="Edm.Binary" Nullable="false" sap:unicode="false" sap:label="Diğer Kişiler" sap:creatable="false" sap:updatable="false" sap:sortable="false" sap:filterable="false"/>
                    <NavigationProperty Name="Personal" Relationship="ZFR_APP_SRV.aPersonal" FromRole="FromRole_aPersonal" ToRole="ToRole_aPersonal"/>
                </EntityType>
                <EntityType Name="ECategory" sap:content-version="1">
                    <Key>
                        <PropertyRef Name="KategoriId"/>
                    </Key>
                    <Property Name="KategoriId" Type="Edm.String" Nullable="false" MaxLength="2" sap:unicode="false" sap:label="Masraf Kategori ID" sap:creatable="false" sap:updatable="false" sap:sortable="false" sap:filterable="false"/>
                    <Property Name="KategoriTanim" Type="Edm.String" Nullable="false" MaxLength="50" sap:unicode="false" sap:label="Masraf Kategori Tanı" sap:creatable="false" sap:updatable="false" sap:sortable="false" sap:filterable="false"/>
                    <Property Name="SeyahatDesc" Type="Edm.Boolean" Nullable="false" sap:unicode="false" sap:label="Seyahat İlişkili" sap:creatable="false" sap:updatable="false" sap:sortable="false" sap:filterable="false"/>
                </EntityType>
                <EntityType Name="Zfi020Sh05" sap:content-version="1">
                    <Key>
                        <PropertyRef Name="SurecId"/>
                    </Key>
                    <Property Name="SurecId" Type="Edm.String" Nullable="false" MaxLength="10" sap:unicode="false" sap:label="Süreç ID" sap:creatable="false" sap:updatable="false" sap:sortable="false" sap:filterable="false"/>
                    <Property Name="Bukrs" Type="Edm.String" Nullable="false" MaxLength="4" sap:unicode="false" sap:label="Şirket kodu" sap:creatable="false" sap:updatable="false" sap:sortable="false" sap:filterable="false"/>
                    <Property Name="Gjahr" Type="Edm.String" Nullable="false" MaxLength="4" sap:unicode="false" sap:label="Mali yıl" sap:creatable="false" sap:updatable="false" sap:sortable="false" sap:filterable="false"/>
                    <Property Name="Pernr" Type="Edm.String" Nullable="false" MaxLength="8" sap:unicode="false" sap:label="Personel no." sap:creatable="false" sap:updatable="false" sap:sortable="false" sap:filterable="false"/>
                    <Property Name="Yer" Type="Edm.String" Nullable="false" MaxLength="50" sap:unicode="false" sap:label="Yer" sap:creatable="false" sap:updatable="false" sap:sortable="false" sap:filterable="false"/>
                    <Property Name="GidisTarihi" Type="Edm.DateTime" Nullable="false" Precision="7" sap:unicode="false" sap:label="Gidiş Tarihi" sap:creatable="false" sap:updatable="false" sap:sortable="false" sap:filterable="false"/>
                </EntityType>
                <EntityType Name="ShT007a" sap:content-version="1">
                    <Key>
                        <PropertyRef Name="Kalsm"/>
                        <PropertyRef Name="Mwskz"/>
                        <PropertyRef Name="Text1"/>
                    </Key>
                    <Property Name="Kalsm" Type="Edm.String" Nullable="false" MaxLength="6" sap:unicode="false" sap:label="Şema" sap:creatable="false" sap:updatable="false" sap:sortable="false" sap:filterable="false"/>
                    <Property Name="Mwskz" Type="Edm.String" Nullable="false" MaxLength="2" sap:unicode="false" sap:label="Vergi gös." sap:creatable="false" sap:updatable="false" sap:sortable="false" sap:filterable="false"/>
                    <Property Name="Text1" Type="Edm.String" Nullable="false" MaxLength="50" sap:unicode="false" sap:label="Tanım" sap:creatable="false" sap:updatable="false" sap:sortable="false" sap:filterable="false"/>
                </EntityType>
                <EntityType Name="PernrData" sap:content-version="1">
                    <Key>
                        <PropertyRef Name="Pernr"/>
                    </Key>
                    <Property Name="Hierdat" Type="ZFR_APP_SRV.Hierdat" Nullable="false"/>
                    <Property Name="Pernr" Type="Edm.String" Nullable="false" MaxLength="8" sap:unicode="false" sap:label="Personel no." sap:creatable="false" sap:updatable="false" sap:sortable="false" sap:filterable="false"/>
                    <Property Name="Ename" Type="Edm.String" Nullable="false" MaxLength="40" sap:unicode="false" sap:label="Çlşn/bşv.adı" sap:creatable="false" sap:updatable="false" sap:sortable="false" sap:filterable="false"/>
                    <Property Name="Bukrs" Type="Edm.String" Nullable="false" MaxLength="4" sap:unicode="false" sap:label="Şirket kodu" sap:creatable="false" sap:updatable="false" sap:sortable="false" sap:filterable="false"/>
                    <Property Name="Butxt" Type="Edm.String" Nullable="false" MaxLength="25" sap:unicode="false" sap:label="Şirket adı" sap:creatable="false" sap:updatable="false" sap:sortable="false" sap:filterable="false"/>
                    <Property Name="Orgeh" Type="Edm.String" Nullable="false" MaxLength="8" sap:unicode="false" sap:label="Org.birimi" sap:creatable="false" sap:updatable="false" sap:sortable="false" sap:filterable="false"/>
                    <Property Name="OrgehDesc" Type="Edm.String" Nullable="false" MaxLength="25" sap:unicode="false" sap:label="Org.birimi kısa mtn." sap:creatable="false" sap:updatable="false" sap:sortable="false" sap:filterable="false"/>
                    <Property Name="Plans" Type="Edm.String" Nullable="false" MaxLength="8" sap:unicode="false" sap:label="Pozisyon" sap:creatable="false" sap:updatable="false" sap:sortable="false" sap:filterable="false"/>
                    <Property Name="PlansDesc" Type="Edm.String" Nullable="false" MaxLength="25" sap:unicode="false" sap:label="Pozisyon kısa metni" sap:creatable="false" sap:updatable="false" sap:sortable="false" sap:filterable="false"/>
                    <Property Name="Kostl" Type="Edm.String" Nullable="false" MaxLength="10" sap:unicode="false" sap:label="Masraf yeri" sap:creatable="false" sap:updatable="false" sap:sortable="false" sap:filterable="false"/>
                    <Property Name="KostlDesc" Type="Edm.String" Nullable="false" MaxLength="20" sap:unicode="false" sap:label="Tanım" sap:creatable="false" sap:updatable="false" sap:sortable="false" sap:filterable="false"/>
                </EntityType>
                <EntityType Name="PersonalTab" sap:content-version="1">
                    <Key>
                        <PropertyRef Name="Pernr"/>
                    </Key>
                    <Property Name="Pernr" Type="Edm.String" Nullable="false" MaxLength="8" sap:unicode="false" sap:label="Personel no." sap:creatable="false" sap:updatable="false" sap:sortable="false" sap:filterable="false"/>
                    <Property Name="PerAdi" Type="Edm.String" Nullable="false" MaxLength="50" sap:unicode="false" sap:label="Personel Adı" sap:creatable="false" sap:updatable="false" sap:sortable="false" sap:filterable="false"/>
                    <Property Name="PerSirket" Type="Edm.String" Nullable="false" MaxLength="50" sap:unicode="false" sap:label="Personel Şirketi" sap:creatable="false" sap:updatable="false" sap:sortable="false" sap:filterable="false"/>
                    <Property Name="PerDepartman" Type="Edm.String" Nullable="false" MaxLength="50" sap:unicode="false" sap:label="Personel Departman" sap:creatable="false" sap:updatable="false" sap:sortable="false" sap:filterable="false"/>
                    <Property Name="PerPozisyon" Type="Edm.String" Nullable="false" MaxLength="50" sap:unicode="false" sap:label="Personel Pozisyon" sap:creatable="false" sap:updatable="false" sap:sortable="false" sap:filterable="false"/>
                </EntityType>
                <EntityType Name="ExpenseSave" sap:content-version="1">
                    <Key>
                        <PropertyRef Name="SurecId"/>
                    </Key>
                    <Property Name="SurecId" Type="Edm.String" Nullable="false" sap:unicode="false" sap:creatable="false" sap:updatable="false" sap:sortable="false" sap:filterable="false"/>
                    <Property Name="Process" Type="Edm.String" Nullable="false" sap:unicode="false" sap:creatable="false" sap:updatable="false" sap:sortable="false" sap:filterable="false"/>
                    <NavigationProperty Name="Return" Relationship="ZFR_APP_SRV.aReturn" FromRole="FromRole_aReturn" ToRole="ToRole_aReturn"/>
                    <NavigationProperty Name="Ex" Relationship="ZFR_APP_SRV.aExpense" FromRole="FromRole_aExpense" ToRole="ToRole_aExpense"/>
                </EntityType>
                <EntityType Name="Retrun" sap:content-version="1">
                    <Key>
                        <PropertyRef Name="Id"/>
                    </Key>
                    <Property Name="Type" Type="Edm.String" Nullable="false" MaxLength="1" sap:unicode="false" sap:label="İleti tipi" sap:creatable="false" sap:updatable="false" sap:sortable="false" sap:filterable="false"/>
                    <Property Name="Id" Type="Edm.String" Nullable="false" MaxLength="20" sap:unicode="false" sap:label="Message Class" sap:creatable="false" sap:updatable="false" sap:sortable="false" sap:filterable="false"/>
                    <Property Name="Number" Type="Edm.String" Nullable="false" MaxLength="3" sap:unicode="false" sap:label="İleti numarası" sap:creatable="false" sap:updatable="false" sap:sortable="false" sap:filterable="false"/>
                    <Property Name="Message" Type="Edm.String" Nullable="false" MaxLength="220" sap:unicode="false" sap:label="İleti metni" sap:creatable="false" sap:updatable="false" sap:sortable="false" sap:filterable="false"/>
                    <Property Name="LogNo" Type="Edm.String" Nullable="false" MaxLength="20" sap:unicode="false" sap:label="Günlük no." sap:creatable="false" sap:updatable="false" sap:sortable="false" sap:filterable="false"/>
                    <Property Name="LogMsgNo" Type="Edm.String" Nullable="false" MaxLength="6" sap:unicode="false" sap:label="İleti numarası" sap:creatable="false" sap:updatable="false" sap:sortable="false" sap:filterable="false"/>
                    <Property Name="MessageV1" Type="Edm.String" Nullable="false" MaxLength="50" sap:unicode="false" sap:label="İleti değişkeni" sap:creatable="false" sap:updatable="false" sap:sortable="false" sap:filterable="false"/>
                    <Property Name="MessageV2" Type="Edm.String" Nullable="false" MaxLength="50" sap:unicode="false" sap:label="İleti değişkeni" sap:creatable="false" sap:updatable="false" sap:sortable="false" sap:filterable="false"/>
                    <Property Name="MessageV3" Type="Edm.String" Nullable="false" MaxLength="50" sap:unicode="false" sap:label="İleti değişkeni" sap:creatable="false" sap:updatable="false" sap:sortable="false" sap:filterable="false"/>
                    <Property Name="MessageV4" Type="Edm.String" Nullable="false" MaxLength="50" sap:unicode="false" sap:label="İleti değişkeni" sap:creatable="false" sap:updatable="false" sap:sortable="false" sap:filterable="false"/>
                    <Property Name="Parameter" Type="Edm.String" Nullable="false" MaxLength="32" sap:unicode="false" sap:label="Parametre adı" sap:creatable="false" sap:updatable="false" sap:sortable="false" sap:filterable="false"/>
                    <Property Name="Row" Type="Edm.Int32" Nullable="false" sap:unicode="false" sap:label="Parametre st." sap:creatable="false" sap:updatable="false" sap:sortable="false" sap:filterable="false"/>
                    <Property Name="Field" Type="Edm.String" Nullable="false" MaxLength="30" sap:unicode="false" sap:label="Alan adı" sap:creatable="false" sap:updatable="false" sap:sortable="false" sap:filterable="false"/>
                    <Property Name="System" Type="Edm.String" Nullable="false" MaxLength="10" sap:unicode="false" sap:label="Mantıksal sistem" sap:creatable="false" sap:updatable="false" sap:sortable="false" sap:filterable="false"/>
                </EntityType>
                <EntityType Name="BukrsList" sap:content-version="1">
                    <Key>
                        <PropertyRef Name="Bukrs"/>
                    </Key>
                    <Property Name="Bukrs" Type="Edm.String" Nullable="false" MaxLength="4" sap:unicode="false" sap:label="Şirket kodu" sap:creatable="false" sap:updatable="false" sap:sortable="false" sap:filterable="false"/>
                    <Property Name="Butxt" Type="Edm.String" Nullable="false" MaxLength="25" sap:unicode="false" sap:label="Şirket adı" sap:creatable="false" sap:updatable="false" sap:sortable="false" sap:filterable="false"/>
                </EntityType>
                <EntityType Name="Travel" sap:content-version="1">
                    <Key>
                        <PropertyRef Name="SurecId"/>
                    </Key>
                    <Property Name="Bukrs" Type="Edm.String" Nullable="false" MaxLength="4" sap:unicode="false" sap:label="Şirket kodu" sap:creatable="false" sap:updatable="false" sap:sortable="false" sap:filterable="false"/>
                    <Property Name="SurecId" Type="Edm.String" Nullable="false" MaxLength="10" sap:unicode="false" sap:label="Süreç ID" sap:creatable="false" sap:updatable="false" sap:sortable="false" sap:filterable="false"/>
                    <Property Name="Gjahr" Type="Edm.String" Nullable="false" MaxLength="4" sap:unicode="false" sap:label="Mali yıl" sap:creatable="false" sap:updatable="false" sap:sortable="false" sap:filterable="false"/>
                    <Property Name="Pernr" Type="Edm.String" Nullable="false" MaxLength="8" sap:unicode="false" sap:label="Personel no." sap:creatable="false" sap:updatable="false" sap:sortable="false" sap:filterable="false"/>
                    <Property Name="PernrIcon" Type="Edm.String" Nullable="false" MaxLength="4" sap:unicode="false" sap:label="Metin alanları içersindeki ikonlar ( Yedek görüntü, kod)" sap:creatable="false" sap:updatable="false" sap:sortable="false" sap:filterable="false"/>
                    <Property Name="PerAdi" Type="Edm.String" Nullable="false" MaxLength="50" sap:unicode="false" sap:label="Personel Adı" sap:creatable="false" sap:updatable="false" sap:sortable="false" sap:filterable="false"/>
                    <Property Name="PerSirket" Type="Edm.String" Nullable="false" MaxLength="50" sap:unicode="false" sap:label="Personel Şirketi" sap:creatable="false" sap:updatable="false" sap:sortable="false" sap:filterable="false"/>
                    <Property Name="PerDepartman" Type="Edm.String" Nullable="false" MaxLength="50" sap:unicode="false" sap:label="Personel Departman" sap:creatable="false" sap:updatable="false" sap:sortable="false" sap:filterable="false"/>
                    <Property Name="PerPozisyon" Type="Edm.String" Nullable="false" MaxLength="50" sap:unicode="false" sap:label="Personel Pozisyon" sap:creatable="false" sap:updatable="false" sap:sortable="false" sap:filterable="false"/>
                    <Property Name="Kostl" Type="Edm.String" Nullable="false" MaxLength="10" sap:unicode="false" sap:label="Masraf yeri" sap:creatable="false" sap:updatable="false" sap:sortable="false" sap:filterable="false"/>
                    <Property Name="KostlDesc" Type="Edm.String" Nullable="false" MaxLength="20" sap:unicode="false" sap:label="Tanım" sap:creatable="false" sap:updatable="false" sap:sortable="false" sap:filterable="false"/>
                    <Property Name="Pspnr" Type="Edm.String" Nullable="false" MaxLength="24" sap:unicode="false" sap:label="PYP öğesi" sap:creatable="false" sap:updatable="false" sap:sortable="false" sap:filterable="false"/>
                    <Property Name="FarkliKisi" Type="Edm.Boolean" Nullable="false" sap:unicode="false" sap:label="Farklı Kişi Adına" sap:creatable="false" sap:updatable="false" sap:sortable="false" sap:filterable="false"/>
                    <Property Name="Yer" Type="Edm.String" Nullable="false" MaxLength="50" sap:unicode="false" sap:label="Yer" sap:creatable="false" sap:updatable="false" sap:sortable="false" sap:filterable="false"/>
                    <Property Name="GidisTarihi" Type="Edm.DateTime" Nullable="false" Precision="7" sap:unicode="false" sap:label="Gidiş Tarihi" sap:creatable="false" sap:updatable="false" sap:sortable="false" sap:filterable="false"/>
                    <Property Name="DonusTarihi" Type="Edm.DateTime" Nullable="false" Precision="7" sap:unicode="false" sap:label="Dönüş Tarihi" sap:creatable="false" sap:updatable="false" sap:sortable="false" sap:filterable="false"/>
                    <Property Name="Otel" Type="Edm.String" Nullable="false" MaxLength="70" sap:unicode="false" sap:label="Otel" sap:creatable="false" sap:updatable="false" sap:sortable="false" sap:filterable="false"/>
                    <Property Name="Aciklama" Type="Edm.String" Nullable="false" MaxLength="50" sap:unicode="false" sap:label="Açıklama" sap:creatable="false" sap:updatable="false" sap:sortable="false" sap:filterable="false"/>
                    <Property Name="Approver01" Type="Edm.String" Nullable="false" MaxLength="8" sap:unicode="false" sap:label="Personel no." sap:creatable="false" sap:updatable="false" sap:sortable="false" sap:filterable="false"/>
                    <Property Name="Approver01Desc" Type="Edm.String" Nullable="false" MaxLength="40" sap:unicode="false" sap:label="Çlşn/bşv.adı" sap:creatable="false" sap:updatable="false" sap:sortable="false" sap:filterable="false"/>
                    <Property Name="Approver01Icon" Type="Edm.String" Nullable="false" MaxLength="4" sap:unicode="false" sap:label="Metin alanları içersindeki ikonlar ( Yedek görüntü, kod)" sap:creatable="false" sap:updatable="false" sap:sortable="false" sap:filterable="false"/>
                    <Property Name="Approver02" Type="Edm.String" Nullable="false" MaxLength="8" sap:unicode="false" sap:label="Personel no." sap:creatable="false" sap:updatable="false" sap:sortable="false" sap:filterable="false"/>
                    <Property Name="Approver02Desc" Type="Edm.String" Nullable="false" MaxLength="40" sap:unicode="false" sap:label="Çlşn/bşv.adı" sap:creatable="false" sap:updatable="false" sap:sortable="false" sap:filterable="false"/>
                    <Property Name="Approver02Icon" Type="Edm.String" Nullable="false" MaxLength="4" sap:unicode="false" sap:label="Metin alanları içersindeki ikonlar ( Yedek görüntü, kod)" sap:creatable="false" sap:updatable="false" sap:sortable="false" sap:filterable="false"/>
                    <Property Name="Approver03" Type="Edm.String" Nullable="false" MaxLength="8" sap:unicode="false" sap:label="Personel no." sap:creatable="false" sap:updatable="false" sap:sortable="false" sap:filterable="false"/>
                    <Property Name="Approver03Desc" Type="Edm.String" Nullable="false" MaxLength="40" sap:unicode="false" sap:label="Çlşn/bşv.adı" sap:creatable="false" sap:updatable="false" sap:sortable="false" sap:filterable="false"/>
                    <Property Name="Approver03Icon" Type="Edm.String" Nullable="false" MaxLength="4" sap:unicode="false" sap:label="Metin alanları içersindeki ikonlar ( Yedek görüntü, kod)" sap:creatable="false" sap:updatable="false" sap:sortable="false" sap:filterable="false"/>
                    <Property Name="Approver04" Type="Edm.String" Nullable="false" MaxLength="8" sap:unicode="false" sap:label="Personel no." sap:creatable="false" sap:updatable="false" sap:sortable="false" sap:filterable="false"/>
                    <Property Name="Approver04Desc" Type="Edm.String" Nullable="false" MaxLength="40" sap:unicode="false" sap:label="Çlşn/bşv.adı" sap:creatable="false" sap:updatable="false" sap:sortable="false" sap:filterable="false"/>
                    <Property Name="Approver04Icon" Type="Edm.String" Nullable="false" MaxLength="4" sap:unicode="false" sap:label="Metin alanları içersindeki ikonlar ( Yedek görüntü, kod)" sap:creatable="false" sap:updatable="false" sap:sortable="false" sap:filterable="false"/>
                    <Property Name="Statu" Type="Edm.String" Nullable="false" MaxLength="10" sap:unicode="false" sap:label="Statü" sap:creatable="false" sap:updatable="false" sap:sortable="false" sap:filterable="false"/>
                    <Property Name="SurecDurumu" Type="Edm.String" Nullable="false" MaxLength="20" sap:unicode="false" sap:label="Süreç durumu" sap:creatable="false" sap:updatable="false" sap:sortable="false" sap:filterable="false"/>
                    <Property Name="SurecIcon" Type="Edm.String" Nullable="false" MaxLength="4" sap:unicode="false" sap:label="Metin alanları içersindeki ikonlar ( Yedek görüntü, kod)" sap:creatable="false" sap:updatable="false" sap:sortable="false" sap:filterable="false"/>
                    <Property Name="Uname" Type="Edm.String" Nullable="false" MaxLength="12" sap:unicode="false" sap:label="Kullanıcı adı" sap:creatable="false" sap:updatable="false" sap:sortable="false" sap:filterable="false"/>
                    <Property Name="Datum" Type="Edm.DateTime" Nullable="false" Precision="7" sap:unicode="false" sap:label="Tarih" sap:creatable="false" sap:updatable="false" sap:sortable="false" sap:filterable="false"/>
                    <Property Name="Pspnrd" Type="Edm.String" Nullable="false" MaxLength="50" sap:unicode="false" sap:label="c" sap:creatable="false" sap:updatable="false" sap:sortable="false" sap:filterable="false"/>
                    <NavigationProperty Name="Personal" Relationship="ZFR_APP_SRV.aTravelPersonel" FromRole="FromRole_aTravelPersonel" ToRole="ToRole_aTravelPersonel"/>
                </EntityType>
                <EntityType Name="Attachments" m:HasStream="true" sap:content-version="1">
                    <Key>
                        <PropertyRef Name="DocID"/>
                    </Key>
                    <Property Name="SurecId" Type="Edm.String" Nullable="false" sap:unicode="false" sap:creatable="false" sap:updatable="false" sap:sortable="false" sap:filterable="false"/>
                    <Property Name="DocID" Type="Edm.String" Nullable="false" sap:unicode="false" sap:creatable="false" sap:updatable="false" sap:sortable="false" sap:filterable="false"/>
                    <Property Name="CompId" Type="Edm.String" Nullable="false" sap:unicode="false" sap:creatable="false" sap:updatable="false" sap:sortable="false" sap:filterable="false"/>
                    <Property Name="MimeType" Type="Edm.String" Nullable="false" sap:unicode="false" sap:creatable="false" sap:updatable="false" sap:sortable="false" sap:filterable="false"/>
                    <Property Name="Extension" Type="Edm.String" Nullable="false" sap:unicode="false" sap:creatable="false" sap:updatable="false" sap:sortable="false" sap:filterable="false"/>
                    <Property Name="Content" Type="Edm.Binary" Nullable="false" sap:unicode="false" sap:creatable="false" sap:updatable="false" sap:sortable="false" sap:filterable="false"/>
                </EntityType>
                <EntityType Name="LimitData" sap:content-version="1">
                    <Key>
                        <PropertyRef Name="KategoriId"/>
                        <PropertyRef Name="TipId"/>
                        <PropertyRef Name="Waers"/>
                    </Key>
                    <Property Name="KategoriId" Type="Edm.String" Nullable="false" MaxLength="2" sap:unicode="false" sap:label="Masraf Kategori ID" sap:creatable="false" sap:updatable="false" sap:sortable="false" sap:filterable="false"/>
                    <Property Name="TipId" Type="Edm.String" Nullable="false" MaxLength="2" sap:unicode="false" sap:label="Masraf Tip ID" sap:creatable="false" sap:updatable="false" sap:sortable="false" sap:filterable="false"/>
                    <Property Name="Waers" Type="Edm.String" Nullable="false" MaxLength="5" sap:unicode="false" sap:label="Para birimi" sap:creatable="false" sap:updatable="false" sap:sortable="false" sap:filterable="false" sap:semantics="currency-code"/>
                    <Property Name="NoLimit" Type="Edm.Boolean" Nullable="false" sap:unicode="false" sap:label="Limit Yok" sap:creatable="false" sap:updatable="false" sap:sortable="false" sap:filterable="false"/>
                    <Property Name="Limit" Type="Edm.Decimal" Nullable="false" Precision="12" Scale="3" sap:unicode="false" sap:unit="Waers" sap:label="Limit" sap:creatable="false" sap:updatable="false" sap:sortable="false" sap:filterable="false"/>
                </EntityType>
                <EntityType Name="CatCust" sap:content-version="1">
                    <Key>
                        <PropertyRef Name="KategoriId"/>
                        <PropertyRef Name="TipId"/>
                        <PropertyRef Name="OdemeTur"/>
                    </Key>
                    <Property Name="KategoriId" Type="Edm.String" Nullable="false" MaxLength="2" sap:unicode="false" sap:label="Masraf Kategori ID" sap:creatable="false" sap:updatable="false" sap:sortable="false" sap:filterable="false"/>
                    <Property Name="TipId" Type="Edm.String" Nullable="false" MaxLength="2" sap:unicode="false" sap:label="Masraf Tip ID" sap:creatable="false" sap:updatable="false" sap:sortable="false" sap:filterable="false"/>
                    <Property Name="OdemeTur" Type="Edm.String" Nullable="false" MaxLength="2" sap:unicode="false" sap:label="Ödeme Türü" sap:creatable="false" sap:updatable="false" sap:sortable="false" sap:filterable="false"/>
                    <Property Name="Umskz" Type="Edm.String" Nullable="false" MaxLength="1" sap:unicode="false" sap:label="ÖDK göstergesi" sap:creatable="false" sap:updatable="false" sap:sortable="false" sap:filterable="false"/>
                    <Property Name="HkontH" Type="Edm.String" Nullable="false" MaxLength="10" sap:unicode="false" sap:label="Bilanço Alacak Hesap" sap:creatable="false" sap:updatable="false" sap:sortable="false" sap:filterable="false"/>
                    <Property Name="HkontS" Type="Edm.String" Nullable="false" MaxLength="10" sap:unicode="false" sap:label="Borç Gider Hesabı" sap:creatable="false" sap:updatable="false" sap:sortable="false" sap:filterable="false"/>
                    <Property Name="Mwskz" Type="Edm.String" Nullable="false" MaxLength="2" sap:unicode="false" sap:label="Vergi gös." sap:creatable="false" sap:updatable="false" sap:sortable="false" sap:filterable="false"/>
                </EntityType>
                <EntityType Name="TravelSave" sap:content-version="1">
                    <Key>
                        <PropertyRef Name="SurecId"/>
                    </Key>
                    <Property Name="SurecId" Type="Edm.String" Nullable="false" sap:unicode="false" sap:creatable="false" sap:updatable="false" sap:sortable="false" sap:filterable="false"/>
                    <Property Name="Process" Type="Edm.String" Nullable="false" sap:unicode="false" sap:creatable="false" sap:updatable="false" sap:sortable="false" sap:filterable="false"/>
                    <NavigationProperty Name="Return" Relationship="ZFR_APP_SRV.aReturnTr" FromRole="FromRole_aReturnTr" ToRole="ToRole_aReturnTr"/>
                    <NavigationProperty Name="Tr" Relationship="ZFR_APP_SRV.aTravel" FromRole="FromRole_aTravel" ToRole="ToRole_aTravel"/>
                </EntityType>
                <ComplexType Name="Hierdat">
                    <Property Name="MudurSicil" Type="Edm.String" Nullable="false" MaxLength="8" sap:label="Personel no." sap:creatable="false" sap:updatable="false" sap:sortable="false" sap:filterable="false"/>
                    <Property Name="MudurAdi" Type="Edm.String" Nullable="false" MaxLength="50" sap:label="Personel Adı" sap:creatable="false" sap:updatable="false" sap:sortable="false" sap:filterable="false"/>
                    <Property Name="MudurVekSicil" Type="Edm.String" Nullable="false" MaxLength="8" sap:label="Personel no." sap:creatable="false" sap:updatable="false" sap:sortable="false" sap:filterable="false"/>
                    <Property Name="MudurVekAdi" Type="Edm.String" Nullable="false" MaxLength="50" sap:label="Personel Adı" sap:creatable="false" sap:updatable="false" sap:sortable="false" sap:filterable="false"/>
                    <Property Name="DirektorSicil" Type="Edm.String" Nullable="false" MaxLength="8" sap:label="Personel no." sap:creatable="false" sap:updatable="false" sap:sortable="false" sap:filterable="false"/>
                    <Property Name="DirektorAdi" Type="Edm.String" Nullable="false" MaxLength="50" sap:label="Personel Adı" sap:creatable="false" sap:updatable="false" sap:sortable="false" sap:filterable="false"/>
                    <Property Name="DirektorVekSicil" Type="Edm.String" Nullable="false" MaxLength="8" sap:label="Personel no." sap:creatable="false" sap:updatable="false" sap:sortable="false" sap:filterable="false"/>
                    <Property Name="DirektorVekAdi" Type="Edm.String" Nullable="false" MaxLength="50" sap:label="Personel Adı" sap:creatable="false" sap:updatable="false" sap:sortable="false" sap:filterable="false"/>
                    <Property Name="GmySicil" Type="Edm.String" Nullable="false" MaxLength="8" sap:label="Personel no." sap:creatable="false" sap:updatable="false" sap:sortable="false" sap:filterable="false"/>
                    <Property Name="GmyAdi" Type="Edm.String" Nullable="false" MaxLength="50" sap:label="Personel Adı" sap:creatable="false" sap:updatable="false" sap:sortable="false" sap:filterable="false"/>
                    <Property Name="GmyVekSicil" Type="Edm.String" Nullable="false" MaxLength="8" sap:label="Personel no." sap:creatable="false" sap:updatable="false" sap:sortable="false" sap:filterable="false"/>
                    <Property Name="GmyVekAdi" Type="Edm.String" Nullable="false" MaxLength="50" sap:label="Personel Adı" sap:creatable="false" sap:updatable="false" sap:sortable="false" sap:filterable="false"/>
                    <Property Name="GmSicil" Type="Edm.String" Nullable="false" MaxLength="8" sap:label="Personel no." sap:creatable="false" sap:updatable="false" sap:sortable="false" sap:filterable="false"/>
                    <Property Name="GmAdi" Type="Edm.String" Nullable="false" MaxLength="50" sap:label="Personel Adı" sap:creatable="false" sap:updatable="false" sap:sortable="false" sap:filterable="false"/>
                    <Property Name="GmVekSicil" Type="Edm.String" Nullable="false" MaxLength="8" sap:label="Personel no." sap:creatable="false" sap:updatable="false" sap:sortable="false" sap:filterable="false"/>
                    <Property Name="GmVekAdi" Type="Edm.String" Nullable="false" MaxLength="50" sap:label="Personel Adı" sap:creatable="false" sap:updatable="false" sap:sortable="false" sap:filterable="false"/>
                    <Property Name="CfoSicil" Type="Edm.String" Nullable="false" MaxLength="8" sap:label="Personel no." sap:creatable="false" sap:updatable="false" sap:sortable="false" sap:filterable="false"/>
                    <Property Name="CfoAdi" Type="Edm.String" Nullable="false" MaxLength="50" sap:label="Personel Adı" sap:creatable="false" sap:updatable="false" sap:sortable="false" sap:filterable="false"/>
                    <Property Name="CfoVekSicil" Type="Edm.String" Nullable="false" MaxLength="8" sap:label="Personel no." sap:creatable="false" sap:updatable="false" sap:sortable="false" sap:filterable="false"/>
                    <Property Name="CfoVekAdi" Type="Edm.String" Nullable="false" MaxLength="50" sap:label="Personel Adı" sap:creatable="false" sap:updatable="false" sap:sortable="false" sap:filterable="false"/>
                </ComplexType>
                <Association Name="aPersonal" sap:content-version="1">
                    <End Type="ZFR_APP_SRV.ExpenseLine2" Multiplicity="0..1" Role="FromRole_aPersonal"/>
                    <End Type="ZFR_APP_SRV.PersonalTab" Multiplicity="*" Role="ToRole_aPersonal"/>
                    <ReferentialConstraint>
                        <Principal Role="FromRole_aPersonal">
                            <PropertyRef Name="ItemNo"/>
                            <PropertyRef Name="KategoriId"/>
                        </Principal>
                        <Dependent Role="ToRole_aPersonal">
                            <PropertyRef Name="Pernr"/>
                            <PropertyRef Name="PerAdi"/>
                        </Dependent>
                    </ReferentialConstraint>
                </Association>
                <Association Name="aReturn" sap:content-version="1">
                    <End Type="ZFR_APP_SRV.ExpenseSave" Multiplicity="0..1" Role="FromRole_aReturn"/>
                    <End Type="ZFR_APP_SRV.Retrun" Multiplicity="*" Role="ToRole_aReturn"/>
                    <ReferentialConstraint>
                        <Principal Role="FromRole_aReturn">
                            <PropertyRef Name="SurecId"/>
                        </Principal>
                        <Dependent Role="ToRole_aReturn">
                            <PropertyRef Name="Id"/>
                        </Dependent>
                    </ReferentialConstraint>
                </Association>
                <Association Name="aExpense" sap:content-version="1">
                    <End Type="ZFR_APP_SRV.ExpenseSave" Multiplicity="0..1" Role="FromRole_aExpense"/>
                    <End Type="ZFR_APP_SRV.Expense" Multiplicity="*" Role="ToRole_aExpense"/>
                    <ReferentialConstraint>
                        <Principal Role="FromRole_aExpense">
                            <PropertyRef Name="SurecId"/>
                        </Principal>
                        <Dependent Role="ToRole_aExpense">
                            <PropertyRef Name="SurecId"/>
                        </Dependent>
                    </ReferentialConstraint>
                </Association>
                <Association Name="aTravelPersonel" sap:content-version="1">
                    <End Type="ZFR_APP_SRV.Travel" Multiplicity="0..1" Role="FromRole_aTravelPersonel"/>
                    <End Type="ZFR_APP_SRV.PersonalTab" Multiplicity="*" Role="ToRole_aTravelPersonel"/>
                    <ReferentialConstraint>
                        <Principal Role="FromRole_aTravelPersonel">
                            <PropertyRef Name="SurecId"/>
                        </Principal>
                        <Dependent Role="ToRole_aTravelPersonel">
                            <PropertyRef Name="PerAdi"/>
                        </Dependent>
                    </ReferentialConstraint>
                </Association>
                <Association Name="aExpenseLine" sap:content-version="1">
                    <End Type="ZFR_APP_SRV.Expense" Multiplicity="0..1" Role="FromRole_aExpenseLine"/>
                    <End Type="ZFR_APP_SRV.ExpenseLine2" Multiplicity="*" Role="ToRole_aExpenseLine"/>
                    <ReferentialConstraint>
                        <Principal Role="FromRole_aExpenseLine">
                            <PropertyRef Name="SurecId"/>
                        </Principal>
                        <Dependent Role="ToRole_aExpenseLine">
                            <PropertyRef Name="SeyahatId"/>
                        </Dependent>
                    </ReferentialConstraint>
                </Association>
                <Association Name="aTravel" sap:content-version="1">
                    <End Type="ZFR_APP_SRV.TravelSave" Multiplicity="0..1" Role="FromRole_aTravel"/>
                    <End Type="ZFR_APP_SRV.Travel" Multiplicity="*" Role="ToRole_aTravel"/>
                    <ReferentialConstraint>
                        <Principal Role="FromRole_aTravel">
                            <PropertyRef Name="SurecId"/>
                        </Principal>
                        <Dependent Role="ToRole_aTravel">
                            <PropertyRef Name="SurecId"/>
                        </Dependent>
                    </ReferentialConstraint>
                </Association>
                <Association Name="aReturnTr" sap:content-version="1">
                    <End Type="ZFR_APP_SRV.TravelSave" Multiplicity="0..1" Role="FromRole_aReturnTr"/>
                    <End Type="ZFR_APP_SRV.Retrun" Multiplicity="*" Role="ToRole_aReturnTr"/>
                    <ReferentialConstraint>
                        <Principal Role="FromRole_aReturnTr">
                            <PropertyRef Name="SurecId"/>
                        </Principal>
                        <Dependent Role="ToRole_aReturnTr">
                            <PropertyRef Name="Id"/>
                        </Dependent>
                    </ReferentialConstraint>
                </Association>
                <EntityContainer Name="ZFR_APP_SRV_Entities" m:IsDefaultEntityContainer="true" sap:supported-formats="atom json xlsx">
                    <EntitySet Name="PernrDataSet" EntityType="ZFR_APP_SRV.PernrData" sap:creatable="false" sap:updatable="false" sap:deletable="false" sap:pageable="false" sap:content-version="1"/>
                    <EntitySet Name="PersonalTabSet" EntityType="ZFR_APP_SRV.PersonalTab" sap:creatable="false" sap:updatable="false" sap:deletable="false" sap:pageable="false" sap:content-version="1"/>
                    <EntitySet Name="ExpenseSaveSet" EntityType="ZFR_APP_SRV.ExpenseSave" sap:creatable="false" sap:updatable="false" sap:deletable="false" sap:pageable="false" sap:addressable="false" sap:content-version="1"/>
                    <EntitySet Name="RetrunSet" EntityType="ZFR_APP_SRV.Retrun" sap:creatable="false" sap:updatable="false" sap:deletable="false" sap:pageable="false" sap:content-version="1"/>
                    <EntitySet Name="BukrsListSet" EntityType="ZFR_APP_SRV.BukrsList" sap:creatable="false" sap:updatable="false" sap:deletable="false" sap:pageable="false" sap:content-version="1"/>
                    <EntitySet Name="TravelSet" EntityType="ZFR_APP_SRV.Travel" sap:creatable="false" sap:updatable="false" sap:deletable="false" sap:pageable="false" sap:content-version="1"/>
                    <EntitySet Name="AttachmentsSet" EntityType="ZFR_APP_SRV.Attachments" sap:creatable="false" sap:updatable="false" sap:deletable="false" sap:pageable="false" sap:addressable="false" sap:content-version="1"/>
                    <EntitySet Name="LimitDataSet" EntityType="ZFR_APP_SRV.LimitData" sap:creatable="false" sap:updatable="false" sap:deletable="false" sap:pageable="false" sap:content-version="1"/>
                    <EntitySet Name="CatCustSet" EntityType="ZFR_APP_SRV.CatCust" sap:creatable="false" sap:updatable="false" sap:deletable="false" sap:pageable="false" sap:content-version="1"/>
                    <EntitySet Name="TravelSaveSet" EntityType="ZFR_APP_SRV.TravelSave" sap:creatable="false" sap:updatable="false" sap:deletable="false" sap:pageable="false" sap:addressable="false" sap:content-version="1"/>
                    <EntitySet Name="ExpenseSet" EntityType="ZFR_APP_SRV.Expense" sap:creatable="false" sap:updatable="false" sap:deletable="false" sap:pageable="false" sap:content-version="1"/>
                    <EntitySet Name="UserInfoSet" EntityType="ZFR_APP_SRV.UserInfo" sap:creatable="false" sap:updatable="false" sap:deletable="false" sap:pageable="false" sap:addressable="false" sap:content-version="1"/>
                    <EntitySet Name="CredidCardSet" EntityType="ZFR_APP_SRV.CredidCard" sap:creatable="false" sap:updatable="false" sap:deletable="false" sap:pageable="false" sap:content-version="1"/>
                    <EntitySet Name="ProjectsSet" EntityType="ZFR_APP_SRV.Projects" sap:creatable="false" sap:updatable="false" sap:deletable="false" sap:pageable="false" sap:content-version="1"/>
                    <EntitySet Name="CategoriesSet" EntityType="ZFR_APP_SRV.Categories" sap:creatable="false" sap:updatable="false" sap:deletable="false" sap:pageable="false" sap:content-version="1"/>
                    <EntitySet Name="PernrSet" EntityType="ZFR_APP_SRV.PernrSearchHelp" sap:creatable="false" sap:updatable="false" sap:deletable="false" sap:pageable="false" sap:addressable="false" sap:content-version="1"/>
                    <EntitySet Name="ExpenseLine2Set" EntityType="ZFR_APP_SRV.ExpenseLine2" sap:creatable="false" sap:updatable="false" sap:deletable="false" sap:pageable="false" sap:content-version="1"/>
                    <EntitySet Name="ECategorySet" EntityType="ZFR_APP_SRV.ECategory" sap:creatable="false" sap:updatable="false" sap:deletable="false" sap:pageable="false" sap:content-version="1"/>
                    <EntitySet Name="Zfi020Sh05Set" EntityType="ZFR_APP_SRV.Zfi020Sh05" sap:creatable="false" sap:updatable="false" sap:deletable="false" sap:pageable="false" sap:content-version="1"/>
                    <EntitySet Name="ShT007aSet" EntityType="ZFR_APP_SRV.ShT007a" sap:creatable="false" sap:updatable="false" sap:deletable="false" sap:pageable="false" sap:content-version="1"/>
                    <AssociationSet Name="aTravel_AssocSet" Association="ZFR_APP_SRV.aTravel" sap:creatable="false" sap:updatable="false" sap:deletable="false" sap:content-version="1">
                        <End EntitySet="TravelSaveSet" Role="FromRole_aTravel"/>
                        <End EntitySet="TravelSet" Role="ToRole_aTravel"/>
                    </AssociationSet>
                    <AssociationSet Name="aReturnSet" Association="ZFR_APP_SRV.aReturn" sap:creatable="false" sap:updatable="false" sap:deletable="false" sap:content-version="1">
                        <End EntitySet="ExpenseSaveSet" Role="FromRole_aReturn"/>
                        <End EntitySet="RetrunSet" Role="ToRole_aReturn"/>
                    </AssociationSet>
                    <AssociationSet Name="aExpenseSet" Association="ZFR_APP_SRV.aExpense" sap:creatable="false" sap:updatable="false" sap:deletable="false" sap:content-version="1">
                        <End EntitySet="ExpenseSaveSet" Role="FromRole_aExpense"/>
                        <End EntitySet="ExpenseSet" Role="ToRole_aExpense"/>
                    </AssociationSet>
                    <AssociationSet Name="aReturnTrSet" Association="ZFR_APP_SRV.aReturnTr" sap:creatable="false" sap:updatable="false" sap:deletable="false" sap:content-version="1">
                        <End EntitySet="TravelSaveSet" Role="FromRole_aReturnTr"/>
                        <End EntitySet="RetrunSet" Role="ToRole_aReturnTr"/>
                    </AssociationSet>
                    <AssociationSet Name="aTravelPersonelSet" Association="ZFR_APP_SRV.aTravelPersonel" sap:creatable="false" sap:updatable="false" sap:deletable="false" sap:content-version="1">
                        <End EntitySet="TravelSet" Role="FromRole_aTravelPersonel"/>
                        <End EntitySet="PersonalTabSet" Role="ToRole_aTravelPersonel"/>
                    </AssociationSet>
                    <AssociationSet Name="aExpenseLineSet" Association="ZFR_APP_SRV.aExpenseLine" sap:creatable="false" sap:updatable="false" sap:deletable="false" sap:content-version="1">
                        <End EntitySet="ExpenseSet" Role="FromRole_aExpenseLine"/>
                        <End EntitySet="ExpenseLine2Set" Role="ToRole_aExpenseLine"/>
                    </AssociationSet>
                    <AssociationSet Name="aPersonalSet" Association="ZFR_APP_SRV.aPersonal" sap:creatable="false" sap:updatable="false" sap:deletable="false" sap:content-version="1">
                        <End EntitySet="ExpenseLine2Set" Role="FromRole_aPersonal"/>
                        <End EntitySet="PersonalTabSet" Role="ToRole_aPersonal"/>
                    </AssociationSet>
                </EntityContainer>
                <atom:link
                    xmlns:atom="http://www.w3.org/2005/Atom" rel="self" href="./sap/ZFR_APP_SRV/$metadata"/>
                    <atom:link
                        xmlns:atom="http://www.w3.org/2005/Atom" rel="latest-version" href="./sap/ZFR_APP_SRV/$metadata"/>
                    </Schema>
                </edmx:DataServices>
            </edmx:Edmx>